Timestamp,Available Bikes
2024-11-08 22:14:08,2
2024-11-08 22:31:54,4
2024-11-08 22:42:01,5
2024-11-08 22:51:32,5
2024-11-08 23:07:57,8
2024-11-09 08:16:02,7
2024-11-09 08:29:33,7
2024-11-09 08:38:23,6
2024-11-09 08:47:21,6
2024-11-09 08:56:09,6
2024-11-09 09:13:32,6
2024-11-09 09:29:25,6
2024-11-09 09:38:56,6
2024-11-09 09:48:10,5
2024-11-09 09:56:53,3
2024-11-10 08:16:08,5
2024-11-10 08:29:44,6
2024-11-10 08:38:35,6
2024-11-10 08:47:10,5
2024-11-10 08:55:50,4
2024-11-10 09:12:08,5
2024-11-10 09:28:05,5
2024-11-10 09:37:35,3
2024-11-10 09:46:18,2
2024-11-10 09:54:52,2
2024-11-10 10:12:14,1
2024-11-11 08:20:44,4
2024-11-11 08:35:50,3
2024-11-11 08:44:27,1
2024-11-11 08:53:40,2
2024-11-11 09:11:19,2
2024-11-11 09:31:05,2
2024-11-11 09:42:18,4
2024-11-11 09:51:10,3
2024-11-11 10:00:06,3
2024-11-12 08:20:57,1
2024-11-12 08:36:10,1
2024-11-12 08:45:01,1
2024-11-12 08:54:01,1
2024-11-12 09:11:00,1
2024-11-12 09:31:04,1
2024-11-12 09:43:01,1
2024-11-12 09:51:53,1
2024-11-12 10:07:24,1
2024-11-13 08:20:51,5
2024-11-13 08:36:19,6
2024-11-13 08:44:55,4
2024-11-13 08:53:55,5
2024-11-13 09:10:55,2
2024-11-13 09:30:56,1
2024-11-13 09:42:50,2
2024-11-13 09:51:39,0
2024-11-13 10:00:11,1
2024-11-14 08:22:22,4
2024-11-14 08:38:29,6
2024-11-14 08:47:22,5
2024-11-14 08:56:04,6
2024-11-14 09:14:51,2
2024-11-14 09:33:34,0
2024-11-14 09:44:15,0
2024-11-14 09:52:57,0
2024-11-14 10:09:44,0
2024-11-15 08:22:31,4
2024-11-15 08:38:44,4
2024-11-15 08:47:33,3
2024-11-15 08:56:14,3
2024-11-15 09:15:10,5
2024-11-15 09:33:58,6
2024-11-15 09:44:20,6
2024-11-15 09:53:13,6
2024-11-15 10:10:18,7
2024-11-16 08:19:28,11
2024-11-16 08:33:24,14
2024-11-16 08:42:20,13
2024-11-16 08:51:20,13
2024-11-16 09:00:18,12
2024-11-16 09:20:44,11
2024-11-16 09:34:09,12
2024-11-16 09:42:46,11
2024-11-16 09:51:39,10
2024-11-16 10:00:35,9
2024-11-17 08:19:33,0
2024-11-17 08:34:11,0
2024-11-17 08:43:00,0
2024-11-17 08:51:47,0
2024-11-17 09:00:40,0
2024-11-17 09:21:12,0
2024-11-17 09:34:17,0
2024-11-17 09:42:54,0
2024-11-17 09:51:50,0
2024-11-17 10:00:50,0
2024-11-18 08:24:16,0
2024-11-18 08:41:56,4
2024-11-18 08:50:49,1
2024-11-18 08:59:30,1
2024-11-18 09:23:21,0
2024-11-18 09:40:04,0
2024-11-18 09:49:19,0
2024-11-18 09:58:04,0
2024-11-19 08:24:11,4
2024-11-19 08:41:28,6
2024-11-19 08:50:31,6
2024-11-19 08:58:58,5
2024-11-19 09:21:50,3
2024-11-19 09:39:12,1
2024-11-19 09:48:36,1
2024-11-19 09:57:39,0
2024-11-20 08:23:28,5
2024-11-20 08:40:54,0
2024-11-20 08:49:54,1
2024-11-20 08:58:39,1
2024-11-20 09:19:53,1
2024-11-20 09:37:49,0
2024-11-20 09:47:15,1
2024-11-20 09:56:11,0
2024-11-21 08:23:41,9
2024-11-21 08:41:27,10
2024-11-21 08:50:14,10
2024-11-21 08:58:54,10
2024-11-21 09:21:24,10
2024-11-21 09:38:41,10
2024-11-21 09:47:56,10
2024-11-21 09:56:59,10
2024-11-22 08:23:11,5
2024-11-22 08:39:47,7
2024-11-22 08:48:33,6
2024-11-22 08:57:28,4
2024-11-22 09:18:26,3
2024-11-22 09:36:11,2
2024-11-22 09:46:02,2
2024-11-22 09:53:51,1
2024-11-22 10:11:49,1
2024-11-23 08:19:25,9
2024-11-23 08:33:42,9
2024-11-23 08:42:20,11
2024-11-23 08:51:28,11
2024-11-23 09:00:48,11
2024-11-23 09:21:59,9
2024-11-23 09:34:55,9
2024-11-23 09:44:46,8
2024-11-23 09:52:28,10
2024-11-23 10:07:30,9
2024-11-24 08:19:33,5
2024-11-24 08:35:05,5
2024-11-24 08:43:09,5
2024-11-24 08:52:03,5
2024-11-24 09:04:33,5
2024-11-24 09:25:09,4
2024-11-24 09:38:10,2
2024-11-24 09:46:50,2
2024-11-24 09:54:47,1
2024-11-24 10:12:42,2
2024-11-25 08:24:16,0
2024-11-25 08:41:58,1
2024-11-25 08:50:34,1
2024-11-25 08:59:36,0
2024-11-25 09:23:30,0
2024-11-25 09:40:20,0
2024-11-25 09:49:21,0
2024-11-25 09:58:01,0
2024-11-26 08:24:46,7
2024-11-26 08:42:16,8
2024-11-26 08:51:21,8
2024-11-26 09:00:15,9
2024-11-26 09:24:56,9
2024-11-26 09:41:55,9
2024-11-26 09:50:44,9
2024-11-26 09:59:27,9
2024-11-27 08:24:44,0
2024-11-27 08:42:37,0
2024-11-27 08:51:37,0
2024-11-27 09:00:33,0
2024-11-27 09:25:01,0
2024-11-27 09:41:19,0
2024-11-27 09:50:11,0
2024-11-27 09:58:48,0
2024-11-28 08:24:36,5
2024-11-28 08:42:22,5
2024-11-28 08:51:02,5
2024-11-28 08:59:44,5
2024-11-28 09:23:40,5
2024-11-28 09:40:03,4
2024-11-28 09:49:03,4
2024-11-28 09:57:58,3
2024-11-29 08:23:59,6
2024-11-29 08:41:21,8
2024-11-29 08:50:13,8
2024-11-29 08:58:59,8
2024-11-29 09:21:18,7
2024-11-29 09:38:12,7
2024-11-29 09:47:13,7
2024-11-29 09:56:17,7
2024-11-30 08:20:00,5
2024-11-30 08:35:00,4
2024-11-30 08:43:49,4
2024-11-30 08:52:56,4
2024-11-30 09:07:55,5
2024-11-30 09:28:11,5
2024-11-30 09:39:58,4
2024-11-30 09:48:56,4
2024-11-30 09:57:36,4
2024-12-01 08:21:17,6
2024-12-01 08:37:16,6
2024-12-01 08:45:55,6
2024-12-01 08:54:44,6
2024-12-01 09:11:12,6
2024-12-01 09:30:18,6
2024-12-01 09:41:54,5
2024-12-01 09:51:03,5
2024-12-01 09:59:32,4
2024-12-02 08:25:12,0
2024-12-02 08:43:31,1
2024-12-02 08:52:06,1
2024-12-02 09:08:13,1
2024-12-02 09:32:19,0
2024-12-02 09:46:02,0
2024-12-02 09:54:41,1
2024-12-02 10:14:16,1
2024-12-03 08:25:12,0
2024-12-03 08:43:15,2
2024-12-03 08:51:42,2
2024-12-03 09:00:23,2
2024-12-03 09:22:50,1
2024-12-03 09:38:55,0
2024-12-03 09:47:24,0
2024-12-03 09:56:20,0
2024-12-04 08:25:05,5
2024-12-04 08:43:29,3
2024-12-04 08:52:01,3
2024-12-04 09:08:09,1
2024-12-04 09:33:04,1
2024-12-04 09:46:50,0
2024-12-04 09:55:29,0
2024-12-05 08:25:23,5
2024-12-05 08:43:19,4
2024-12-05 08:52:10,6
2024-12-05 09:08:18,6
2024-12-05 09:32:00,5
2024-12-05 09:45:44,5
2024-12-05 09:54:21,4
2024-12-05 10:13:52,1
2024-12-06 08:24:22,6
2024-12-06 08:41:55,7
2024-12-06 08:50:48,9
2024-12-06 08:59:21,8
2024-12-06 09:22:20,9
2024-12-06 09:39:19,8
2024-12-06 09:48:08,8
2024-12-06 09:57:00,7
2024-12-07 08:20:42,9
2024-12-07 08:35:57,9
2024-12-07 08:44:36,9
2024-12-07 08:53:32,9
2024-12-07 09:09:24,7
2024-12-07 09:29:29,7
2024-12-07 09:41:17,7
2024-12-07 09:50:01,7
2024-12-07 09:58:49,6
2024-12-08 08:21:06,0
2024-12-08 08:36:50,0
2024-12-08 08:45:35,0
2024-12-08 08:54:32,0
2024-12-08 09:11:28,0
2024-12-08 09:30:20,0
2024-12-08 09:41:30,1
2024-12-08 09:50:11,1
2024-12-08 09:58:54,0
2024-12-09 08:25:45,3
2024-12-09 08:43:56,1
2024-12-09 08:52:51,0
2024-12-09 09:09:48,2
2024-12-09 09:33:45,0
2024-12-09 09:46:54,1
2024-12-09 09:55:26,0
2024-12-10 08:25:37,1
2024-12-10 08:43:47,1
2024-12-10 08:52:38,1
2024-12-10 09:09:24,1
2024-12-10 09:33:29,0
2024-12-10 09:47:00,0
2024-12-10 09:55:59,0
2024-12-11 08:25:14,10
2024-12-11 08:43:00,8
2024-12-11 08:51:47,9
2024-12-11 09:07:49,10
2024-12-11 09:32:11,9
2024-12-11 09:45:52,8
2024-12-11 09:54:29,5
2024-12-11 10:14:00,4
2024-12-12 08:25:00,0
2024-12-12 08:42:43,1
2024-12-12 08:51:24,1
2024-12-12 09:00:07,1
2024-12-12 09:24:50,0
2024-12-12 09:41:12,0
2024-12-12 09:50:09,0
2024-12-12 09:58:54,0
2024-12-13 08:24:09,1
2024-12-13 08:41:52,1
2024-12-13 08:50:40,0
2024-12-13 08:59:18,0
2024-12-13 09:22:33,1
2024-12-13 09:39:35,2
2024-12-13 09:48:32,2
2024-12-13 09:57:26,2
2024-12-14 08:20:10,3
2024-12-14 08:35:23,2
2024-12-14 08:44:16,2
2024-12-14 08:53:14,0
2024-12-14 09:08:25,0
2024-12-14 09:28:36,0
2024-12-14 09:40:27,1
2024-12-14 09:49:06,0
2024-12-14 09:58:01,0
2024-12-15 08:20:47,12
2024-12-15 08:36:05,12
2024-12-15 08:44:45,11
2024-12-15 08:53:24,11
2024-12-15 09:09:01,10
2024-12-15 09:29:06,11
2024-12-15 09:40:39,11
2024-12-15 09:49:23,11
2024-12-15 09:58:11,10
2024-12-16 08:25:19,1
2024-12-16 08:43:29,0
2024-12-16 08:52:33,1
2024-12-16 09:09:11,0
2024-12-16 09:32:33,1
2024-12-16 09:46:00,1
2024-12-16 09:54:36,1
2024-12-16 10:14:21,2
2024-12-17 08:25:13,6
2024-12-17 08:42:53,8
2024-12-17 08:51:26,8
2024-12-17 08:59:56,7
2024-12-17 09:24:53,5
2024-12-17 09:41:05,2
2024-12-17 09:49:43,2
2024-12-17 09:58:29,1
2024-12-18 08:22:53,2
2024-12-18 08:39:40,2
2024-12-18 08:48:12,2
2024-12-18 08:56:46,3
2024-12-18 09:16:31,3
2024-12-18 09:36:03,2
2024-12-18 09:45:54,1
2024-12-18 09:54:47,1
2024-12-18 10:14:05,1
2024-12-19 08:23:07,2
2024-12-19 08:40:03,2
2024-12-19 08:48:46,3
2024-12-19 08:57:36,3
2024-12-19 09:18:00,2
2024-12-19 09:36:28,1
2024-12-19 09:45:58,0
2024-12-19 09:54:59,0
2024-12-19 10:14:26,0
2024-12-20 08:19:26,3
2024-12-20 08:33:24,3
2024-12-20 08:41:59,2
2024-12-20 08:50:53,4
2024-12-20 08:59:46,6
2024-12-20 09:21:24,7
2024-12-20 09:35:13,7
2024-12-20 09:43:56,7
2024-12-20 09:52:52,7
2024-12-20 10:09:03,5
2024-12-21 08:15:57,3
2024-12-21 08:29:12,2
2024-12-21 08:37:59,2
2024-12-21 08:46:47,2
2024-12-21 08:55:27,2
2024-12-21 09:11:16,2
2024-12-21 09:27:48,2
2024-12-21 09:37:18,2
2024-12-21 09:46:18,2
2024-12-21 09:55:18,2
2024-12-22 08:16:22,8
2024-12-22 08:30:01,9
2024-12-22 08:38:42,9
2024-12-22 08:47:18,9
2024-12-22 08:56:05,9
2024-12-22 09:13:09,9
2024-12-22 09:28:48,9
2024-12-22 09:38:23,8
2024-12-22 09:47:11,8
2024-12-22 09:56:00,7
2024-12-23 08:20:24,8
2024-12-23 08:35:16,8
2024-12-23 08:44:12,9
2024-12-23 08:53:11,10
2024-12-23 09:09:30,10
2024-12-23 09:29:29,11
2024-12-23 09:41:17,11
2024-12-23 09:49:55,11
2024-12-23 09:58:41,11
2024-12-24 08:18:59,0
2024-12-24 08:32:27,0
2024-12-24 08:41:02,0
2024-12-24 08:49:44,0
2024-12-24 08:58:29,0
2024-12-24 09:17:47,0
2024-12-24 09:32:17,0
2024-12-24 09:41:16,0
2024-12-24 09:49:49,0
2024-12-24 09:58:22,0
2024-12-25 08:18:41,5
2024-12-25 08:32:07,5
2024-12-25 08:40:46,5
2024-12-25 08:49:22,5
2024-12-25 08:57:59,5
2024-12-25 09:16:48,4
2024-12-25 09:31:31,5
2024-12-25 09:40:36,5
2024-12-25 09:49:25,5
2024-12-25 09:58:19,5
2024-12-26 08:19:33,4
2024-12-26 08:33:53,6
2024-12-26 08:42:45,6
2024-12-26 08:51:26,6
2024-12-26 09:00:12,6
2024-12-26 09:21:02,6
2024-12-26 09:34:30,6
2024-12-26 09:43:10,6
2024-12-26 09:52:07,6
2024-12-26 10:07:21,6
2024-12-27 08:18:50,2
2024-12-27 08:32:30,4
2024-12-27 08:41:15,5
2024-12-27 08:50:16,5
2024-12-27 08:58:57,5
2024-12-27 09:19:17,2
2024-12-27 09:33:39,2
2024-12-27 09:42:29,2
2024-12-27 09:51:24,2
2024-12-27 10:00:27,2
2024-12-28 08:16:24,0
2024-12-28 08:29:47,0
2024-12-28 08:38:25,0
2024-12-28 08:47:09,0
2024-12-28 08:56:00,0
2024-12-28 09:12:21,0
2024-12-28 09:28:21,0
2024-12-28 09:37:56,0
2024-12-28 09:46:52,0
2024-12-28 09:55:28,0
2024-12-29 08:16:06,2
2024-12-29 08:29:14,2
2024-12-29 08:37:51,2
2024-12-29 08:46:48,2
2024-12-29 08:55:50,2
2024-12-29 09:12:06,1
2024-12-29 09:27:59,1
2024-12-29 09:37:21,1
2024-12-29 09:46:09,1
2024-12-29 09:55:05,0
2024-12-29 10:11:54,0
2024-12-30 08:19:56,2
2024-12-30 08:34:28,2
2024-12-30 08:43:27,3
2024-12-30 08:52:09,2
2024-12-30 09:07:12,1
2024-12-30 09:27:55,0
2024-12-30 09:39:26,0
2024-12-30 09:48:24,0
2024-12-30 09:57:00,0
2024-12-31 08:18:49,13
2024-12-31 08:32:03,15
2024-12-31 08:40:56,16
2024-12-31 08:49:33,16
2024-12-31 08:58:07,16
2024-12-31 09:17:12,16
2024-12-31 09:31:49,14
2024-12-31 09:40:44,14
2024-12-31 09:49:16,13
2024-12-31 09:57:56,13
2025-01-01 08:18:41,0
2025-01-01 08:31:48,1
2025-01-01 08:40:31,1
2025-01-01 08:49:32,1
2025-01-01 08:58:05,1
2025-01-01 09:17:25,1
2025-01-01 09:32:01,0
2025-01-01 09:40:51,0
2025-01-01 09:49:41,0
2025-01-01 09:58:22,0
2025-01-02 08:19:11,4
2025-01-02 08:33:11,4
2025-01-02 08:41:50,4
2025-01-02 08:50:50,4
2025-01-02 08:59:30,6
2025-01-02 09:20:23,5
2025-01-02 09:34:09,4
2025-01-02 09:43:02,3
2025-01-02 09:51:53,2
2025-01-02 10:07:01,1
2025-01-03 08:19:24,3
2025-01-03 08:33:27,6
2025-01-03 08:42:04,6
2025-01-03 08:50:54,6
2025-01-03 08:59:33,5
2025-01-03 09:20:31,5
2025-01-03 09:34:30,4
2025-01-03 09:43:11,4
2025-01-03 09:52:04,3
2025-01-03 10:07:37,3
2025-01-04 08:17:32,2
2025-01-04 08:30:55,2
2025-01-04 08:39:30,2
2025-01-04 08:48:25,2
2025-01-04 08:57:06,2
2025-01-04 09:14:33,2
2025-01-04 09:29:54,2
2025-01-04 09:39:38,2
2025-01-04 09:48:37,2
2025-01-04 09:57:20,2
2025-01-05 08:16:43,2
2025-01-05 08:29:50,2
2025-01-05 08:38:29,1
2025-01-05 08:47:29,1
2025-01-05 08:56:10,1
2025-01-05 09:12:53,1
2025-01-05 09:28:25,1
2025-01-05 09:37:47,1
2025-01-05 09:46:29,1
2025-01-05 09:55:15,1
2025-01-06 08:21:26,1
2025-01-06 08:36:49,2
2025-01-06 08:45:30,2
2025-01-06 08:54:25,2
2025-01-06 09:11:32,2
2025-01-06 09:31:16,1
2025-01-06 09:42:38,2
2025-01-06 09:51:33,1
2025-01-06 10:00:07,1
2025-01-07 08:21:32,2
2025-01-07 10:04:14,0
2025-01-08 08:20:44,6
2025-01-08 08:35:19,6
2025-01-08 08:44:06,5
2025-01-08 08:52:49,5
2025-01-08 09:08:28,6
2025-01-08 09:29:34,4
2025-01-08 09:40:58,4
2025-01-08 09:49:50,2
2025-01-08 09:58:27,2
2025-01-09 08:20:53,3
2025-01-09 08:36:40,3
2025-01-09 08:44:33,2
2025-01-09 08:53:21,3
2025-01-09 09:09:31,2
2025-01-09 09:29:59,2
2025-01-09 09:41:51,3
2025-01-09 09:50:41,3
2025-01-09 10:00:23,3
2025-01-10 08:19:44,4
2025-01-10 08:33:13,7
2025-01-10 08:42:02,7
2025-01-10 08:50:36,8
2025-01-10 08:59:20,8
2025-01-10 09:20:47,8
2025-01-10 09:36:00,7
2025-01-10 09:44:46,7
2025-01-10 09:53:43,5
2025-01-10 10:10:16,5
2025-01-11 08:16:48,11
2025-01-11 08:30:08,11
2025-01-11 08:38:49,11
2025-01-11 08:47:33,11
2025-01-11 08:56:20,11
2025-01-11 09:12:58,10
2025-01-11 09:28:49,10
2025-01-11 09:38:13,11
2025-01-11 09:47:06,10
2025-01-11 09:56:00,10
2025-01-12 08:16:35,5
2025-01-12 08:29:41,5
2025-01-12 08:38:22,6
2025-01-12 08:47:06,6
2025-01-12 08:55:46,6
2025-01-12 09:12:01,6
2025-01-12 09:28:10,6
2025-01-12 09:37:38,6
2025-01-12 09:46:32,6
2025-01-12 09:55:17,4
2025-01-13 08:20:43,1
2025-01-13 08:36:40,0
2025-01-13 08:45:24,2
2025-01-13 08:54:25,2
2025-01-13 09:12:33,4
2025-01-13 09:32:43,18
2025-01-13 09:44:02,17
2025-01-13 09:52:57,17
2025-01-13 10:10:18,17
2025-01-14 08:18:25,23
2025-01-14 08:31:40,24
2025-01-14 08:40:30,23
2025-01-14 08:49:19,23
2025-01-14 08:57:52,23
2025-01-14 09:17:44,23
2025-01-14 09:32:53,22
2025-01-14 09:41:45,19
2025-01-14 09:50:21,19
2025-01-14 09:59:00,18
2025-01-15 08:19:04,27
2025-01-15 08:32:52,24
2025-01-15 08:41:29,23
2025-01-15 08:50:17,23
2025-01-15 08:59:04,23
2025-01-15 09:19:29,23
2025-01-15 09:34:16,24
2025-01-15 09:43:03,25
2025-01-15 09:51:58,25
2025-01-15 10:07:16,23
2025-01-16 08:19:08,11
2025-01-16 08:33:08,10
2025-01-16 08:41:42,10
2025-01-16 08:50:42,11
2025-01-16 08:59:20,10
2025-01-16 09:19:50,6
2025-01-16 09:33:31,4
2025-01-16 09:42:16,4
2025-01-16 09:51:20,4
2025-01-16 09:59:54,3
2025-01-17 08:18:23,13
2025-01-17 08:31:30,14
2025-01-17 08:40:03,15
2025-01-17 08:49:03,16
2025-01-17 08:57:40,16
2025-01-17 09:16:22,13
2025-01-17 09:31:38,14
2025-01-17 09:40:50,13
2025-01-17 09:49:45,13
2025-01-17 09:58:30,12
2025-01-18 08:14:15,14
2025-01-18 08:27:36,14
2025-01-18 08:36:37,14
2025-01-18 08:45:18,14
2025-01-18 08:54:03,14
2025-01-18 09:09:43,13
2025-01-18 09:26:44,13
2025-01-18 09:35:59,13
2025-01-18 09:44:32,11
2025-01-18 09:53:20,10
2025-01-18 10:08:32,11
2025-01-19 08:14:33,5
2025-01-19 08:27:39,5
2025-01-19 08:36:25,5
2025-01-19 08:45:12,5
2025-01-19 08:54:05,5
2025-01-19 09:10:40,5
2025-01-19 09:27:34,4
2025-01-19 09:36:50,4
2025-01-19 09:45:26,4
2025-01-19 09:54:15,4
2025-01-19 10:11:25,2
2025-01-20 08:19:48,0
2025-01-20 08:34:33,0
2025-01-20 08:43:02,0
2025-01-20 08:52:00,0
2025-01-20 09:07:13,0
2025-01-20 09:28:12,1
2025-01-20 09:40:09,1
2025-01-20 09:49:04,1
2025-01-20 09:57:53,0
2025-01-21 08:19:33,14
2025-01-21 08:33:47,13
2025-01-21 08:42:25,12
2025-01-21 08:51:06,11
2025-01-21 08:59:49,11
2025-01-21 09:22:04,13
2025-01-21 09:36:39,14
2025-01-21 09:45:36,13
2025-01-21 09:54:28,11
2025-01-21 10:12:53,10
2025-01-22 08:19:39,9
2025-01-22 08:33:54,9
2025-01-22 08:42:42,8
2025-01-22 08:51:22,9
2025-01-22 09:00:05,9
2025-01-22 09:22:16,9
2025-01-22 09:36:39,9
2025-01-22 09:45:18,8
2025-01-22 09:54:06,6
2025-01-22 10:11:53,5
2025-01-23 08:19:41,6
2025-01-23 08:33:41,7
2025-01-23 08:42:17,5
2025-01-23 08:50:55,5
2025-01-23 08:59:33,5
2025-01-23 09:21:03,4
2025-01-23 09:35:44,5
2025-01-23 09:44:28,5
2025-01-23 09:52:58,5
2025-01-23 10:09:49,6
2025-01-24 08:18:38,18
2025-01-24 08:32:02,16
2025-01-24 08:40:44,16
2025-01-24 08:49:31,16
2025-01-24 08:58:19,15
2025-01-24 09:17:44,13
2025-01-24 09:32:31,12
2025-01-24 09:41:37,12
2025-01-24 09:50:31,12
2025-01-24 09:59:07,11
2025-01-25 08:14:18,9
2025-01-25 08:27:27,9
2025-01-25 08:36:17,9
2025-01-25 08:44:54,9
2025-01-25 08:53:23,9
2025-01-25 09:08:15,9
2025-01-25 09:25:18,9
2025-01-25 09:34:43,8
2025-01-25 09:43:33,8
2025-01-25 09:52:19,7
2025-01-25 10:06:32,6
2025-01-26 08:14:19,3
2025-01-26 08:28:28,3
2025-01-26 08:37:01,3
2025-01-26 08:46:00,3
2025-01-26 08:54:48,3
2025-01-26 09:10:08,3
2025-01-26 09:25:58,5
2025-01-26 09:34:55,4
2025-01-26 09:43:42,5
2025-01-26 09:52:33,4
2025-01-26 10:07:13,3
2025-01-27 08:19:49,1
2025-01-27 08:34:17,3
2025-01-27 08:43:06,2
2025-01-27 08:51:47,2
2025-01-27 09:00:51,1
2025-01-27 09:23:01,1
2025-01-27 09:37:00,1
2025-01-27 09:45:38,1
2025-01-27 09:54:20,2
2025-01-27 10:11:33,2
2025-01-28 08:19:09,2
2025-01-28 08:32:43,3
2025-01-28 08:41:28,2
2025-01-28 08:50:12,2
2025-01-28 08:58:59,1
2025-01-28 09:19:39,1
2025-01-28 09:34:36,0
2025-01-28 09:43:31,0
2025-01-28 09:52:12,0
2025-01-28 10:08:22,0
2025-01-29 08:19:45,8
2025-01-29 08:33:40,8
2025-01-29 08:42:18,7
2025-01-29 08:51:04,7
2025-01-29 08:59:44,6
2025-01-29 09:21:16,5
2025-01-29 09:35:12,5
2025-01-29 09:43:44,5
2025-01-29 09:52:28,4
2025-01-29 10:08:16,0
2025-01-30 08:19:01,5
2025-01-30 08:32:30,5
2025-01-30 08:41:18,5
2025-01-30 08:50:00,3
2025-01-30 08:58:49,2
2025-01-30 09:19:23,3
2025-01-30 09:32:02,1
2025-01-30 09:40:48,2
2025-01-30 09:49:42,2
2025-01-30 09:58:44,0
2025-01-31 08:18:21,1
2025-01-31 08:31:43,1
2025-01-31 08:40:34,0
2025-01-31 08:49:28,0
2025-01-31 08:58:00,0
2025-01-31 09:17:11,0
2025-01-31 09:30:33,0
2025-01-31 09:40:18,0
2025-01-31 09:49:17,0
2025-01-31 09:57:51,0
2025-02-01 08:14:07,8
2025-02-01 08:27:18,8
2025-02-01 08:37:09,8
2025-02-01 08:45:51,8
2025-02-01 08:54:54,8
2025-02-01 09:10:17,6
2025-02-01 09:26:14,6
2025-02-01 09:35:19,7
2025-02-01 09:44:08,6
2025-02-01 09:52:49,5
2025-02-01 10:08:31,2
2025-02-02 08:13:58,0
2025-02-02 08:27:08,0
2025-02-02 08:36:27,0
2025-02-02 08:45:09,0
2025-02-02 08:53:56,0
2025-02-02 09:09:04,0
2025-02-02 09:25:37,0
2025-02-02 09:34:46,1
2025-02-02 09:43:25,1
2025-02-02 09:52:15,0
2025-02-02 10:07:09,2
2025-02-03 08:19:27,0
2025-02-03 08:33:17,1
2025-02-03 08:41:59,2
2025-02-03 08:50:37,0
2025-02-03 08:59:26,0
2025-02-03 09:21:05,1
2025-02-03 09:35:49,0
2025-02-03 09:44:35,0
2025-02-03 09:53:24,0
2025-02-03 10:10:27,0
2025-02-04 08:19:53,1
2025-02-04 08:34:06,1
2025-02-04 08:42:43,2
2025-02-04 08:51:31,0
2025-02-04 09:00:06,0
2025-02-04 09:22:24,1
2025-02-04 09:36:40,0
2025-02-04 09:45:13,0
2025-02-04 09:54:15,0
2025-02-04 10:12:27,0
2025-02-05 08:19:45,3
2025-02-05 08:34:15,5
2025-02-05 08:43:03,5
2025-02-05 08:51:48,5
2025-02-05 09:06:49,5
2025-02-05 09:27:01,3
2025-02-05 09:37:50,3
2025-02-05 09:46:34,4
2025-02-05 09:55:20,3
2025-02-06 08:20:19,6
2025-02-06 08:35:00,7
2025-02-06 08:43:43,7
2025-02-06 08:52:25,7
2025-02-06 09:08:14,7
2025-02-06 09:27:41,8
2025-02-06 09:39:17,9
2025-02-06 09:48:06,9
2025-02-06 09:56:49,9
2025-02-07 08:19:26,8
2025-02-07 08:33:46,9
2025-02-07 08:42:23,7
2025-02-07 08:51:21,6
2025-02-07 08:59:55,7
2025-02-07 09:21:42,7
2025-02-07 09:35:30,6
2025-02-07 09:44:16,6
2025-02-07 09:52:55,5
2025-02-07 10:09:23,7
2025-02-08 08:15:00,3
2025-02-08 08:28:28,3
2025-02-08 08:37:19,3
2025-02-08 08:46:05,3
2025-02-08 08:54:38,2
2025-02-08 09:10:05,1
2025-02-08 09:27:17,1
2025-02-08 09:36:23,1
2025-02-08 09:45:13,1
2025-02-08 09:53:58,1
2025-02-08 10:09:56,1
2025-02-09 08:14:53,5
2025-02-09 08:28:24,5
2025-02-09 08:37:20,5
2025-02-09 08:45:48,5
2025-02-09 08:54:37,5
2025-02-09 09:10:02,5
2025-02-09 09:26:36,5
2025-02-09 09:35:52,5
2025-02-09 09:44:41,5
2025-02-09 09:53:41,5
2025-02-09 10:10:20,5
2025-02-10 08:20:37,2
2025-02-10 08:36:19,2
2025-02-10 08:44:53,3
2025-02-10 08:53:37,3
2025-02-10 09:10:42,3
2025-02-10 09:31:09,2
2025-02-10 09:41:27,1
2025-02-10 09:50:17,3
2025-02-10 09:58:59,4
2025-02-11 08:21:07,0
2025-02-11 08:36:18,0
2025-02-11 08:44:54,1
2025-02-11 08:53:46,1
2025-02-11 09:10:43,1
2025-02-11 09:31:08,1
2025-02-11 09:42:55,1
2025-02-11 09:51:55,1
2025-02-11 10:07:58,1
2025-02-12 08:20:29,15
2025-02-12 08:35:00,14
2025-02-12 08:43:57,12
2025-02-12 08:52:56,11
2025-02-12 09:09:11,12
2025-02-12 09:29:58,10
2025-02-12 09:42:12,10
2025-02-12 09:51:01,10
2025-02-12 09:59:40,10
2025-02-13 08:20:26,12
2025-02-13 08:35:22,12
2025-02-13 08:43:56,13
2025-02-13 08:52:56,14
2025-02-13 09:09:01,12
2025-02-13 09:29:55,12
2025-02-13 09:42:01,11
2025-02-13 09:50:37,11
2025-02-13 09:59:12,9
2025-02-14 08:20:18,16
2025-02-14 08:34:52,15
2025-02-14 08:43:44,14
2025-02-14 08:52:33,13
2025-02-14 09:07:57,14
2025-02-14 09:28:16,13
2025-02-14 09:39:52,12
2025-02-14 09:48:45,10
2025-02-14 09:57:34,10
2025-02-15 08:14:41,7
2025-02-15 08:28:22,7
2025-02-15 08:37:12,7
2025-02-15 08:46:16,7
2025-02-15 08:55:04,7
2025-02-15 09:10:49,7
2025-02-15 09:26:52,6
2025-02-15 09:35:52,5
2025-02-15 09:44:38,5
2025-02-15 09:53:33,4
2025-02-15 10:10:11,3
2025-02-16 08:16:30,12
2025-02-16 08:29:14,11
2025-02-16 08:38:06,11
2025-02-16 08:46:37,11
2025-02-16 08:55:10,11
2025-02-16 09:11:42,11
2025-02-16 09:27:40,11
2025-02-16 09:36:53,12
2025-02-16 09:45:53,12
2025-02-16 09:54:45,12
2025-02-16 10:11:26,12
2025-02-17 08:21:34,11
2025-02-17 08:37:17,12
2025-02-17 08:46:07,12
2025-02-17 08:54:50,12
2025-02-17 09:12:57,12
2025-02-17 09:31:55,12
2025-02-17 09:42:51,11
2025-02-17 09:51:38,11
2025-02-17 10:00:28,11
2025-02-18 08:20:06,5
2025-02-18 08:34:57,6
2025-02-18 08:43:51,5
2025-02-18 08:52:43,5
2025-02-18 09:08:55,4
2025-02-18 09:30:09,4
2025-02-18 09:42:34,4
2025-02-18 09:51:27,2
2025-02-18 10:00:05,2
2025-02-19 08:20:17,13
2025-02-19 08:35:24,12
2025-02-19 08:44:12,10
2025-02-19 08:53:13,10
2025-02-19 09:09:48,10
2025-02-19 09:30:32,10
2025-02-19 09:42:53,10
2025-02-19 09:51:51,8
2025-02-19 10:07:32,8
2025-02-20 08:21:18,10
2025-02-20 08:37:01,8
2025-02-20 08:45:56,7
2025-02-20 08:54:38,7
2025-02-20 09:12:39,7
2025-02-20 09:32:09,7
2025-02-20 09:43:32,6
2025-02-20 09:52:18,7
2025-02-20 10:08:36,6
2025-02-21 08:20:13,6
2025-02-21 08:32:51,6
2025-02-21 08:41:32,6
2025-02-21 08:50:24,6
2025-02-21 08:59:10,6
2025-02-21 09:19:12,6
2025-02-21 09:33:51,6
2025-02-21 09:42:53,6
2025-02-21 09:51:59,5
2025-02-21 10:07:18,5
2025-02-22 08:15:34,4
2025-02-22 08:29:00,4
2025-02-22 08:38:04,4
2025-02-22 08:46:54,4
2025-02-22 08:55:38,4
2025-02-22 09:12:28,6
2025-02-22 09:28:11,5
2025-02-22 09:37:41,5
2025-02-22 09:46:32,3
2025-02-22 09:55:26,2
2025-02-23 08:16:17,1
2025-02-23 08:29:29,1
2025-02-23 08:38:42,1
2025-02-23 08:47:28,0
2025-02-23 08:55:58,0
2025-02-23 09:13:58,0
2025-02-23 09:29:44,0
2025-02-23 09:40:41,0
2025-02-23 09:49:30,0
2025-02-23 09:58:14,0
2025-02-24 08:22:01,3
2025-02-24 08:38:30,6
2025-02-24 08:47:22,3
2025-02-24 08:56:01,4
2025-02-24 09:15:40,3
2025-02-24 09:34:19,4
2025-02-24 09:44:47,2
2025-02-24 09:53:29,2
2025-02-24 10:12:00,2
2025-02-25 08:21:56,1
2025-02-25 08:38:04,1
2025-02-25 08:46:51,0
2025-02-25 08:55:33,0
2025-02-25 09:14:30,0
2025-02-25 09:33:54,0
2025-02-25 09:44:55,0
2025-02-25 09:53:50,0
2025-02-25 10:12:36,0
2025-02-26 08:21:46,6
2025-02-26 08:37:37,5
2025-02-26 08:46:41,5
2025-02-26 08:55:24,3
2025-02-26 09:14:12,2
2025-02-26 09:33:19,0
2025-02-26 09:44:36,1
2025-02-26 09:53:09,0
2025-02-26 10:10:59,0
2025-02-27 08:22:15,4
2025-02-27 08:38:36,8
2025-02-27 08:47:37,6
2025-02-27 08:56:17,6
2025-02-27 09:15:50,2
2025-02-27 09:34:15,0
2025-02-27 09:44:51,0
2025-02-27 09:53:51,0
2025-02-27 10:12:42,0
2025-02-28 08:21:09,6
2025-02-28 08:36:36,7
2025-02-28 08:45:16,4
2025-02-28 08:54:04,4
2025-02-28 09:11:34,3
2025-02-28 09:31:24,0
2025-02-28 09:42:56,0
2025-02-28 09:51:38,0
2025-02-28 10:00:12,1
2025-03-01 08:16:57,4
2025-03-01 08:30:37,4
2025-03-01 08:39:31,4
2025-03-01 08:48:11,4
2025-03-01 08:56:49,3
2025-03-01 09:14:26,1
2025-03-01 09:30:42,0
2025-03-01 09:40:32,1
2025-03-01 09:49:14,2
2025-03-01 09:58:00,0
2025-03-02 08:16:42,5
2025-03-02 08:30:22,5
2025-03-02 08:39:01,5
2025-03-02 08:47:49,5
2025-03-02 08:56:43,4
2025-03-02 09:15:49,4
2025-03-02 09:31:02,4
2025-03-02 09:40:27,4
2025-03-02 09:49:00,4
2025-03-02 09:57:43,3
2025-03-03 08:22:24,1
2025-03-03 08:39:02,2
2025-03-03 08:47:42,2
2025-03-03 08:56:18,2
2025-03-03 09:15:56,3
2025-03-03 09:34:39,2
2025-03-03 09:45:23,2
2025-03-03 09:53:54,2
2025-03-03 10:12:58,0
2025-03-04 08:21:57,6
2025-03-04 08:38:48,6
2025-03-04 08:47:41,5
2025-03-04 08:56:35,5
2025-03-04 09:16:34,3
2025-03-04 09:35:20,3
2025-03-04 09:45:27,1
2025-03-04 09:54:18,0
2025-03-04 10:13:18,0
2025-03-05 08:22:20,12
2025-03-05 08:38:48,13
2025-03-05 08:47:27,12
2025-03-05 08:56:16,11
2025-03-05 09:15:49,9
2025-03-05 09:34:25,8
2025-03-05 09:45:02,7
2025-03-05 09:53:37,5
2025-03-05 10:12:20,5
2025-03-06 08:22:13,10
2025-03-06 08:38:45,9
2025-03-06 08:47:37,9
2025-03-06 08:56:27,8
2025-03-06 09:15:55,2
2025-03-06 09:35:11,0
2025-03-06 09:45:12,0
2025-03-06 09:54:11,0
2025-03-06 10:12:55,0
2025-03-07 08:21:26,3
2025-03-07 08:37:08,2
2025-03-07 08:45:59,1
2025-03-07 08:54:49,1
2025-03-07 09:12:56,2
2025-03-07 09:31:46,2
2025-03-07 09:43:13,2
2025-03-07 09:52:00,2
2025-03-07 10:08:02,0
2025-03-08 08:12:28,1
2025-03-08 08:24:18,1
2025-03-08 08:33:11,1
2025-03-08 08:41:46,1
2025-03-08 08:50:49,1
2025-03-08 08:59:26,1
2025-03-08 09:15:53,2
2025-03-08 09:25:47,2
2025-03-08 09:36:05,2
2025-03-08 09:44:54,2
2025-03-08 09:53:48,1
2025-03-08 10:08:13,4
2025-03-09 09:12:32,0
2025-03-09 09:25:05,1
2025-03-09 09:34:00,1
2025-03-09 09:42:35,1
2025-03-09 09:51:31,0
2025-03-09 10:00:08,1
2025-03-09 10:17:53,0
2025-03-09 10:27:55,0
2025-03-09 10:36:36,1
2025-03-09 10:45:17,0
2025-03-09 10:54:10,0
2025-03-09 11:09:43,0
2025-03-10 09:23:40,0
2025-03-10 09:41:03,0
2025-03-10 09:49:55,0
2025-03-10 09:58:40,0
2025-03-10 10:21:41,0
2025-03-10 10:39:12,0
2025-03-10 10:48:33,0
2025-03-10 10:57:11,0
2025-03-11 09:23:21,0
2025-03-11 09:40:27,0
2025-03-11 09:49:08,0
2025-03-11 09:57:40,1
2025-03-11 10:19:45,1
2025-03-11 10:38:41,0
2025-03-11 10:48:29,1
2025-03-11 10:57:24,1
2025-03-12 09:23:08,3
2025-03-12 09:40:31,3
2025-03-12 09:49:29,3
2025-03-12 09:58:09,3
2025-03-12 10:19:58,2
2025-03-12 10:38:23,1
2025-03-12 10:47:50,1
2025-03-12 10:58:18,0
2025-03-13 09:23:26,3
2025-03-13 09:40:31,3
2025-03-13 09:49:22,0
2025-03-13 09:57:57,0
2025-03-13 10:19:21,1
2025-03-13 10:37:40,0
2025-03-13 10:46:51,0
2025-03-13 10:55:41,0
2025-03-14 09:21:07,0
2025-03-14 09:36:38,0
2025-03-14 09:45:30,0
2025-03-14 09:54:18,0
2025-03-14 10:12:01,2
2025-03-14 10:31:37,0
2025-03-14 10:42:50,0
2025-03-14 10:51:41,0
2025-03-14 11:00:28,0
2025-03-15 09:17:45,4
2025-03-15 09:31:47,4
2025-03-15 09:40:20,6
2025-03-15 09:48:52,6
2025-03-15 09:57:24,4
2025-03-15 10:17:18,4
2025-03-15 10:32:09,4
2025-03-15 10:42:20,3
2025-03-15 10:50:52,3
2025-03-15 10:59:38,3
2025-03-16 09:18:58,4
2025-03-16 09:33:39,4
2025-03-16 09:42:08,4
2025-03-16 09:51:00,3
2025-03-16 09:59:37,2
2025-03-16 10:19:53,1
2025-03-16 10:31:53,0
2025-03-16 10:40:28,0
2025-03-16 10:49:10,1
2025-03-16 10:57:52,1
2025-03-17 09:24:08,2
2025-03-17 09:42:27,2
2025-03-17 09:51:12,0
2025-03-17 09:59:49,0
2025-03-17 10:24:39,0
2025-03-17 10:39:34,0
2025-03-17 10:48:18,0
2025-03-17 10:57:07,0
2025-03-18 09:23:46,13
2025-03-18 09:41:30,10
2025-03-18 09:50:19,10
2025-03-18 09:58:46,10
2025-03-18 10:21:58,10
2025-03-18 10:39:04,9
2025-03-18 10:48:36,9
2025-03-18 10:57:24,8
2025-03-19 09:23:45,4
2025-03-19 09:41:29,1
2025-03-19 09:50:03,1
2025-03-19 09:58:40,0
2025-03-19 10:21:08,0
2025-03-19 10:39:10,0
2025-03-19 10:48:50,0
2025-03-19 10:57:28,0
2025-03-20 09:22:30,19
2025-03-20 09:40:05,19
2025-03-20 09:49:10,16
2025-03-20 09:57:38,16
2025-03-20 10:19:36,17
2025-03-20 10:39:38,16
2025-03-20 10:49:47,15
2025-03-20 10:58:51,15
2025-03-21 09:22:46,12
2025-03-21 09:39:25,12
2025-03-21 09:48:18,12
2025-03-21 09:56:57,12
2025-03-21 10:17:05,12
2025-03-21 10:35:16,12
2025-03-21 10:45:03,12
2025-03-21 10:53:50,11
2025-03-21 11:12:03,10
2025-03-22 09:18:01,14
2025-03-22 09:31:25,14
2025-03-22 09:40:09,12
2025-03-22 09:48:49,12
2025-03-22 09:57:19,9
2025-03-22 10:17:06,9
2025-03-22 10:32:29,8
2025-03-22 10:41:24,8
2025-03-22 10:50:10,6
2025-03-22 10:58:47,5
2025-03-23 09:18:30,4
